0;Cám Ơn Vì Đã Tải Ứng Dụng;0 Câu
1;Đề Ôn Tập Số 1;40 Câu
2;Đề Ôn Tập Số 2;40 Câu
3;Đề Ôn Tập Số 3;40 Câu
4;Đề Ôn Tập Số 4;40 Câu
5;Đề Ôn Tập Số 5;40 Câu
6;Đề Ôn Tập Số 6;40 Câu
7;Đề Ôn Tập Số 7;40 Câu
8;Đề Ôn Tập Số 8;40 Câu
9;Đề Ôn Tập Số 9;40 Câu
10;Đề Ôn Tập Số 10;40 Câu
11;Đề Ôn Tập Số 11;40 Câu
12;Đề Ôn Tập Số 12;40 Câu
13;Đề Ôn Tập Số 13;40 Câu
14;Đề Ôn Tập Số 14;40 Câu
15;Đề Ôn Tập Số 15;40 Câu
16;Đề Ôn Tập Số 16;40 Câu
17;Đề Ôn Tập Số 17;40 Câu
18;Đề Ôn Tập Số 18;40 Câu
19;Đề Ôn Tập Số 19;40 Câu
20;Đề Ôn Tập Số 20;40 Câu
